web,connectance,web.asymmetry,links.per.species,nestedness,n.aff,n.hosts,host.sharing,aff.sharing,modularity,z.est,zstar,zstarLO,zstarHI
M_PL_001,0.0425506836397926,0.0918918918918919,1.95135135135135,2.82645197983008,101,84,0.274851485148515,0.487664945496271,0.446094632148743,0.557566926197244,0.590213148878749,0.579443945237258,0.600982352520241
M_PL_002,0.0712209302325581,0.196261682242991,1.83177570093458,7.45440017779312,64,43,0.314980158730159,0.530454042081949,0.47642907500267,0.542925992794619,0.571513384357821,0.542182482461139,0.600844286254503
M_PL_003,0.09,-0.180327868852459,1.32786885245902,5.38842616567456,25,36,0.326666666666667,0.377777777777778,0.572626113891602,0.552455863347487,0.598376867435821,0.572708708357569,0.624045026514072
M_PL_004,0.136437908496732,0.789473684210526,1.46491228070175,10.2827284781925,102,12,0.561056105610561,2.07575757575758,0.451109766960144,0.741093102791822,NA,NA,NA
M_PL_005,0.0349621212121212,0.482479784366577,2.48787061994609,1.72096081497533,275,96,0.324273390842734,0.961842105263158,0.240875095129013,0.58983217037442,0.60130087135901,0.588852424912654,0.613749317805365
M_PL_006,0.140790742526519,0.564102564102564,1.87179487179487,5.72028745362812,61,17,0.940437158469945,1.78676470588235,0.329118967056274,0.596842277805812,NA,NA,NA
M_PL_007,0.147569444444444,0.384615384615385,1.63461538461538,9.51968997690285,36,16,0.677777777777778,1.05833333333333,0.361384093761444,0.607385694651802,0.61081276190337,0.573360231463563,0.648265292343176
M_PL_008,0.253588516746411,0.551020408163265,2.16326530612245,31.5692934243346,38,11,0.800853485064011,2.74545454545455,0.210484176874161,0.481152397089181,0.552612836567987,0.518415732597593,0.586809940538381
M_PL_009,0.0854519774011299,0.661971830985915,1.70422535211268,10.2121801589284,118,24,0.265391858612198,1.30797101449275,0.436266273260117,0.678018114362413,0.723926977725933,0.700302179704677,0.747551775747189
M_PL_010,0.193548387096774,0.420560747663551,4.26168224299065,24.9835881911552,76,31,1.41087719298246,4.76989247311828,0.0249980725347996,0.359172690527944,0.399606632975218,0.375332235999862,0.423881029950575
M_PL_011,0.285714285714286,-0.037037037037037,1.92592592592593,15.3846230985772,13,14,1.23076923076923,1.64835164835165,0.285133123397827,0.407931740623308,0.429681427005634,0.336999612686195,0.522363241325072
M_PL_012,0.0909090909090909,0.30952380952381,1.72619047619048,4.5256361617935,55,29,0.548821548821549,0.88423645320197,0.419762194156647,0.609093851896539,0.615510180432096,0.598210059748355,0.632810301115838
M_PL_013,0.204365079365079,0.723076923076923,1.58461538461538,19.1338908848504,56,9,0.601948051948052,2.63888888888889,0.375860095024109,0.651265056832383,NA,NA,NA
M_PL_014,0.0762026394210302,0.472727272727273,1.62727272727273,4.53540975855435,81,29,0.502469135802469,0.53448275862069,0.440591722726822,0.629266833574749,0.687598758621134,0.662623728355922,0.712573788886347
M_PL_015,0.0336175870527016,0.671267252195734,3.68005018820577,3.1827460080139,666,131,0.244304454830771,2.29958896065766,0.350539535284042,0.501536586887832,0.547124850443797,0.539239597361628,0.555010103525966
M_PL_016,0.0885259991405243,0.746341463414634,2.00975609756098,7.2452936628851,179,26,0.404431611323834,2.38461538461538,0.42068350315094,0.650000685144391,0.634485823918983,0.420849672870799,0.848121974967168
M_PL_017,0.151392405063291,0.519230769230769,2.875,8.56531210011384,79,25,1.00778967867575,3.20666666666667,0.150043070316315,0.465479981390169,0.140221569951668,-7.3465511703502,7.62699431025354
M_PL_018,0.0935286935286935,0.458333333333333,2.65972222222222,11.7909681563575,105,39,0.467948717948718,1.77597840755736,0.24271759390831,0.507958546606912,0.531543839359853,0.505435601287892,0.557652077431813
M_PL_019,0.0776470588235294,0.36,2.112,6.75547506547642,85,40,0.378711484593838,1.08717948717949,0.33648270368576,0.571848828908396,0.601195074853165,0.57060428858394,0.63178586112239
M_PL_020,0.104395604395604,0.63963963963964,1.71171171171171,5.36471062487802,91,20,0.654212454212454,1.13157894736842,0.393891960382462,0.648820487534438,NA,NA,NA
M_PL_021,0.0193646825847712,0.763020833333333,1.55338541666667,0.686233511210905,677,91,0.143038815519215,0.562637362637363,0.577358245849609,0.7939484129048,0.818249238694142,0.804714072610029,0.831784404778256
M_PL_022,0.0878306878306878,0.363636363636364,1.25757575757576,6.5313871429203,45,21,0.353535353535354,0.333333333333333,0.595224261283875,0.698817590569139,0.654661885676717,-0.588195355871301,1.89751912722474
M_PL_023,0.0754830917874396,0.515789473684211,1.31578947368421,4.81111888200949,72,23,0.41510172143975,0.422924901185771,0.538527965545654,0.722453653456768,0.758965902865592,0.610831720436066,0.907100085295118
M_PL_024,0.191919191919192,0.241379310344828,1.31034482758621,22.365613439216,18,11,0.516339869281046,0.854545454545454,0.415512442588806,0.633574644803816,0.627734876810379,0.583687066716218,0.67178268690454
M_PL_025,0.25,0.543859649122807,2.50877192982456,18.4217845775002,44,13,1.2600422832981,3.33333333333333,0.161425977945328,0.457127794205214,0.462611672422261,0.433052677342048,0.492170667502474
M_PL_026,0.035978835978836,-0.320754716981132,1.28301886792453,0.711775175821029,54,105,0.3298392732355,0.625274725274725,0.557646095752716,0.643628665133602,0.62916489584006,0.536852024260963,0.721477767419157
M_PL_027,0.111111111111111,0.538461538461538,1.53846153846154,20.3399494085103,60,18,0.243502824858757,0.875816993464052,0.548993051052094,0.672239084793707,0.622242432401968,0.369546898255393,0.874937966548543
M_PL_028,0.0656255483418143,0.544444444444444,2.07777777777778,5.258436376094,139,41,0.315191325200709,1.00365853658537,0.367003619670868,0.595873892434319,0.589930333454267,0.490090567177167,0.689770099731367
M_PL_029,0.0598408855067451,0.413173652694611,2.07185628742515,4.67664704180265,118,49,0.304650152107779,1.10544217687075,0.413695752620697,0.609391523531214,0.66761149563479,0.638833726728984,0.696389264540597
M_PL_030,0.0734501347708895,0.308641975308642,1.34567901234568,14.8604032062387,53,28,0.201741654571843,0.317460317460317,0.544861555099487,0.661579351567427,0.447678754226208,-1.11827814340577,2.01363565185819
M_PL_031,0.0663265306122449,0.0103092783505155,1.60824742268041,8.48088485159601,49,48,0.256802721088435,0.398049645390071,0.536365926265717,0.555347066753255,0.568893135706604,0.535739714298288,0.60204655711492
M_PL_032,0.281385281385281,0.65,1.625,15.4798239384242,33,7,0.975378787878788,2.76190476190476,0.104615412652493,0.579231478204458,NA,NA,NA
M_PL_033,0.319004524886878,0.446808510638298,3,32.4584523026597,34,13,1.51515151515152,4.06410256410256,0.0729842633008957,0.343091992923824,0.38510906642686,0.344249133607669,0.425968999246052
M_PL_034,0.09375,0.662337662337662,2.02597402597403,5.15332778492216,128,26,0.454109251968504,2.35692307692308,0.42258894443512,0.636918575463647,0.576939673546276,0.0464784684359705,1.10740087865658
M_PL_035,0.0810564663023679,-0.257731958762887,1.83505154639175,6.06305964612882,36,61,0.644444444444444,0.526775956284153,0.434651553630829,0.43305947083148,0.468900001689445,0.445052583144595,0.492747420234294
M_PL_036,0.25,0.0909090909090909,1.36363636363636,26.7380021792992,12,10,0.712121212121212,0.822222222222222,0.38055557012558,0.516281703355412,0.577390128147403,0.515688408407002,0.639091847887804
M_PL_037,0.18,0.6,1.44,31.4646713429253,40,10,0.385897435897436,1.4,0.436631947755814,0.699078309479426,NA,NA,NA
M_PL_038,0.235119047619048,0.68,1.58,33.2058394344006,42,8,0.51219512195122,2.10714285714286,0.391043126583099,0.655341370709949,NA,NA,NA
M_PL_039,0.14878892733564,0.5,1.89705882352941,17.7746380310461,51,17,0.458823529411765,2.05882352941176,0.448981434106827,0.610637968090767,0.57472638518119,0.154752619880347,0.994700150482033
M_PL_040,0.0914194065757819,0.194444444444444,1.58333333333333,6.84531420612118,43,29,0.436323366555925,0.455665024630542,0.503731906414032,0.565897631601356,0.590466421108862,0.528940913299695,0.651991928918029
M_PL_041,0.108777194298575,0.162162162162162,1.95945945945946,10.4681337473129,43,31,0.712070874861573,0.78494623655914,0.350225925445557,0.490099645046156,0.493959891615242,0.408227680584816,0.579692102645668
M_PL_042,0.347222222222222,-0.333333333333333,1.38888888888889,14.5265253646834,6,12,1.4,1.21212121212121,0.331200003623962,0.411648296086427,NA,NA,NA
M_PL_043,0.108885017421603,0.490909090909091,2.27272727272727,11.938621952816,82,28,0.472749171936164,1.61111111111111,0.289360016584396,0.544899049257764,0.541885527495161,0.465740148854242,0.618030906136081
M_PL_044,0.0167935512763099,0.694019471488178,1.56467315716273,1.11700486167161,609,110,0.0871953590873737,0.313761467889908,0.570934057235718,0.755403257388701,0.783058532540844,0.773891798269479,0.79222526681221
M_PL_045,0.142533936651584,0.209302325581395,1.46511627906977,10.9295254026525,26,17,0.578461538461538,0.742647058823529,0.44860166311264,0.608366134133466,0.507257100979217,-2.29722156834036,3.31173577029879
M_PL_046,0.394886363636364,0.466666666666667,4.63333333333333,20.885638770463,44,16,2.85517970401691,9.51666666666667,0,0.266978615204334,NA,NA,NA
M_PL_047,0.120260328239955,0.814634146341463,2.07317073170732,7.63851951770874,186,19,0.532984597500726,4.27485380116959,0.287454664707184,0.634199404260467,NA,NA,NA
M_PL_048,0.094774011299435,0.774436090225564,2.52255639097744,6.02654993077615,236,30,0.537216011539849,3.73103448275862,0.208004146814346,0.571222020437788,0.580128312143841,0.469084046803587,0.691172577484095
M_PL_049,0.0708708708708709,0.717557251908397,2.25190839694656,5.11053107651035,225,37,0.339206349206349,2.68768768768769,0.383381217718124,0.633369258199504,0.67164737883013,0.646623354654284,0.696671403005976
M_PL_050,0.175510204081633,0.428571428571429,1.75510204081633,12.1344216121258,35,14,0.621848739495798,1.3956043956044,0.426243901252747,0.594736927139138,0.546328130226989,0.108663857875877,0.983992402578102
M_PL_051,0.13015873015873,0.730769230769231,1.57692307692308,10.6546324605565,90,14,0.517852684144819,1.84615384615385,0.450178474187851,0.689602376912447,NA,NA,NA
M_PL_052,0.157264957264957,0.444444444444444,1.7037037037037,18.4657536068195,39,15,0.541160593792173,1.45714285714286,0.312145531177521,0.616932475304918,0.635126764358628,0.578777758162287,0.691475770554968
M_PL_053,0.0202363773792345,0.49618320610687,1.49872773536896,1.31640098647475,294,99,0.0884585916277774,0.219542362399505,0.575963914394379,0.728564056262949,0.76422319661833,0.75170443130116,0.7767419619355
M_PL_054,0.0215116602660433,0.475638051044084,1.79350348027842,1.14959858742822,318,113,0.15532805586969,0.350979772439949,0.456887423992157,0.681959766996481,0.690523312352807,0.66507393675919,0.715972687946425
M_PL_055,0.0345352564102564,0.505791505791506,1.66409266409266,2.88376866445202,195,64,0.159238699444885,0.401289682539683,0.518017768859863,0.678496918316893,0.702120583097664,0.682598330558711,0.721642835636617
M_PL_056,0.0262230919765166,0.600877192982456,1.91008771929825,1.66364869922856,365,91,0.128225199458076,0.597313797313797,0.455676645040512,0.686740215448952,0.720748456370103,0.709927759328107,0.731569153412099
M_PL_057,0.0190737318948561,0.771313941825476,1.92577733199599,0.787348194360289,883,114,0.124973356651078,0.972519795062878,0.481282651424408,0.731059994617137,0.750420086348619,0.744836558689899,0.75600361400734
M_PL_058,0.123070987654321,0.433628318584071,2.82300884955752,10.1378251997053,81,32,0.735802469135802,2.29233870967742,0.218924731016159,0.474435221649777,0.492313943215527,0.473781221916486,0.510846664514567
M_PL_059,0.420118343195266,0,2.73076923076923,7.29381351407274,13,13,2.65384615384615,3.66666666666667,0.0395754911005497,0.308247886372349,NA,NA,NA
M_PL_060_01,0.221445221445221,0.56,1.9,25.2520533833987,39,11,0.62753036437247,2.8,0.296509712934494,0.579734916913097,NA,NA,NA
M_PL_060_02,0.234649122807018,0.52,2.14,19.5318751993543,38,12,0.884779516358464,2.71212121212121,0.24242290854454,0.519935555308236,0.535610256647874,0.521463405855112,0.549757107440637
M_PL_060_03,0.222222222222222,0.551724137931034,2.24137931034483,18.6431200796193,45,13,0.834343434343434,3.12820512820513,0.190325438976288,0.509545247134908,NA,NA,NA
M_PL_060_04,0.13871635610766,0.373134328358209,2,16.2196624144005,46,21,0.5256038647343,1.44285714285714,0.299871921539307,0.561082757517344,0.53136890971345,0.405268012014892,0.657469807412008
M_PL_060_05,0.0808080808080808,0.241379310344828,1.6551724137931,8.79605047875203,54,33,0.287910552061495,0.723484848484849,0.436125546693802,0.627582032765611,0.623014704837335,0.545898332749099,0.70013107692557
M_PL_060_06,0.0820512820512821,0.267605633802817,1.35211267605634,7.47942541413821,45,26,0.250505050505051,0.492307692307692,0.512586772441864,0.683200896380076,0.737146307924416,0.715977175464992,0.75831544038384
M_PL_060_07,0.0954907161803713,0.147058823529412,1.58823529411765,7.6246193078516,39,29,0.341430499325236,0.938423645320197,0.399391293525696,0.635719444273535,NA,NA,NA
M_PL_060_08,0.135338345864662,0.191489361702128,1.53191489361702,13.0965413410349,28,19,0.436507936507937,0.824561403508772,0.451003104448318,0.593912024737076,0.0777373312662682,-6.73651748576314,6.89199214829567
M_PL_060_09,0.108333333333333,0.379310344827586,1.3448275862069,11.226738607706,40,18,0.311538461538462,0.673202614379085,0.47000327706337,0.688949139128516,NA,NA,NA
M_PL_060_10,0.145714285714286,0.282051282051282,1.30769230769231,16.335040198586,25,14,0.423333333333333,0.538461538461538,0.5,0.653439813488357,0.631942431966787,0.478848316113686,0.785036547819889
M_PL_060_11,0.153571428571429,0.176470588235294,1.26470588235294,14.849201242484,20,14,0.442105263157895,0.494505494505495,0.510005414485931,0.61530705696761,0.65822175801551,0.417883942810035,0.898559573220986
M_PL_060_12,0.20979020979021,0.405405405405405,1.62162162162162,25.4245777180909,26,11,0.556923076923077,1.43636363636364,0.290972232818604,0.576712295283485,0.574930662808249,0.549335400563634,0.600525925052864
M_PL_060_13,0.221198156682028,0.631578947368421,1.26315789473684,24.412473000468,31,7,0.574193548387097,1.04761904761905,0.433810740709305,0.691792924383554,NA,NA,NA
M_PL_060_14,0.243243243243243,0.541666666666667,2.0625,21.7245525056194,37,11,0.822822822822823,2.8,0.250535666942596,0.517289094597104,0.51958319957601,0.464167451424169,0.574998947727852
M_PL_060_15,0.252895752895753,0.450980392156863,2.56862745098039,27.8166124043912,37,14,1.01051051051051,3.30769230769231,0.152526080608368,0.42188459363455,NA,NA,NA
M_PL_060_16,0.171945701357466,0.392857142857143,2.03571428571429,15.7125460967706,39,17,0.60863697705803,1.98529411764706,0.295129269361496,0.541995942749579,0.612853141081903,0.597875990308193,0.627830291855613
M_PL_060_17,0.168067226890756,0.346153846153846,1.92307692307692,18.4962676312447,35,17,0.566386554621849,1.45588235294118,0.365350008010864,0.536821030620944,0.472911328744886,0.045830517344616,0.899992140145155
M_PL_060_18,0.133928571428571,0.166666666666667,1.5625,11.2215301419122,28,20,0.518518518518518,0.905263157894737,0.402666628360748,0.585534167461079,0.601535513593825,0.547800354040656,0.655270673146994
M_PL_060_19,0.175213675213675,-0.161290322580645,1.32258064516129,10.4134956098347,13,18,0.67948717948718,0.69281045751634,0.438726902008057,0.514583054553656,NA,NA,NA
M_PL_060_20,0.171296296296296,0.2,1.23333333333333,15.1080415849003,18,12,0.490196078431373,0.621212121212121,0.452154844999313,0.630790176509226,NA,NA,NA
M_PL_060_21,0.242424242424242,0.571428571428571,1.14285714285714,22.8146490998327,22,6,0.567099567099567,1,0.458984375,0.787117702754996,NA,NA,NA
M_PL_060_22,0.158808933002481,0.409090909090909,1.45454545454545,9.98833402232766,31,13,0.556989247311828,1.03846153846154,0.42333984375,0.667028607025545,NA,NA,NA
M_PL_060_23,0.175925925925926,0.384615384615385,1.46153846153846,17.7383895208374,27,12,0.538461538461538,1.07575757575758,0.405663251876831,0.629723198385184,NA,NA,NA
M_PL_060_24,0.136904761904762,0.263157894736842,1.21052631578947,23.6598844475139,24,14,0.289855072463768,0.43956043956044,0.528591692447662,0.668097892794232,0.463617564861484,-5.35395193461217,6.28118706433514
M_PL_061_01,0.283333333333333,0.411764705882353,1,26.8225286635644,12,5,0.545454545454545,0.7,0.524221479892731,0.763927339879172,NA,NA,NA
M_PL_061_02,0.317647058823529,0.545454545454545,1.22727272727273,21.4820124226357,17,5,0.816176470588235,1.8,0.354595363140106,0.678192616504778,NA,NA,NA
M_PL_061_03,0.285714285714286,0.4,1.2,32.8516645533576,14,6,0.516483516483517,1.2,0.388020813465118,0.672968850320928,NA,NA,NA
M_PL_061_04,0.258928571428571,0.272727272727273,1.31818181818182,25.3289266814622,14,8,0.703296703296703,1.42857142857143,0.340665876865387,0.633692309258391,NA,NA,NA
M_PL_061_05,0.193181818181818,0.294117647058824,1.5,18.446345911587,22,12,0.614718614718615,1.1969696969697,0.381391763687134,0.593532702442694,NA,NA,NA
M_PL_061_06,0.21969696969697,0.371428571428571,1.65714285714286,31.3183460864296,24,11,0.507246376811594,2.12727272727273,0.313466101884842,0.615933619896094,NA,NA,NA
M_PL_061_07,0.29951690821256,0.4375,1.9375,24.1757849161965,23,9,0.924901185770751,2.86111111111111,0.171175837516785,0.4990293166891,NA,NA,NA
M_PL_061_08,0.307017543859649,0.52,1.4,28.179953813397,19,6,0.695906432748538,2.13333333333333,0.368163287639618,0.637034967421082,NA,NA,NA
M_PL_061_09,0.25,0.25,0.9375,30.0991649201372,10,6,0.422222222222222,0.333333333333333,0.493333339691162,0.762201196372152,NA,NA,NA
M_PL_061_10,0.285714285714286,0.473684210526316,1.05263157894737,36.8811607785604,14,5,0.428571428571429,0.8,0.488750010728836,0.736011404475607,NA,NA,NA
M_PL_061_11,0.236111111111111,0.333333333333333,0.944444444444444,32.9643381560669,12,6,0.378787878787879,0.4,0.538062274456024,0.775610728645275,NA,NA,NA
M_PL_061_12,0.285714285714286,0.263157894736842,1.26315789473684,22.425458461396,12,7,0.53030303030303,1.57142857142857,0.358506947755814,0.641092213883872,NA,NA,NA
M_PL_061_13,0.293233082706767,0.461538461538462,1.5,22.410738554169,19,7,0.91812865497076,2.23809523809524,0.32971727848053,0.572501302900095,0.636723129700076,-0.449998387623533,1.72344464702369
M_PL_061_14,0.272727272727273,0.294117647058824,1.05882352941176,40.4158447152237,11,6,0.381818181818182,0.933333333333333,0.421296298503876,0.703359197111754,NA,NA,NA
M_PL_061_15,0.305555555555556,0.5,1.375,32.1720102792891,18,6,0.581699346405229,1.8,0.37465563416481,0.61600848388814,NA,NA,NA
M_PL_061_16,0.269736842105263,0.407407407407407,1.51851851851852,24.0891512687951,19,8,0.766081871345029,1.67857142857143,0.372099936008453,0.567262928277351,NA,NA,NA
M_PL_061_17,0.162393162393162,0.181818181818182,0.863636363636364,26.71221319171,13,9,0.217948717948718,0.277777777777778,0.619113564491272,0.781734829952231,NA,NA,NA
M_PL_061_18,0.176767676767677,0.241379310344828,1.20689655172414,21.5158722214218,18,11,0.320261437908497,0.854545454545454,0.52448982000351,0.688957830814565,NA,NA,NA
M_PL_061_19,0.19047619047619,0.3125,1.375,16.0019527271675,21,11,0.452380952380952,1.12727272727273,0.434917360544205,0.658435044901259,0.661589546199317,0.620869668434886,0.702309423963747
M_PL_061_20,0.162337662337662,0.12,1,16.7697862333782,14,11,0.340659340659341,0.418181818181818,0.555199980735779,0.671428849835781,NA,NA,NA
M_PL_061_21,0.217171717171717,0.241379310344828,1.48275862068966,28.0662225476768,18,11,0.529411764705882,1.2,0.412385106086731,0.585611134617935,NA,NA,NA
M_PL_061_22,0.155555555555556,0.285714285714286,1,24.4809569371741,18,10,0.254901960784314,0.422222222222222,0.607780635356903,0.765718655540346,NA,NA,NA
M_PL_061_23,0.173076923076923,0.444444444444444,1.25,16.5407034429412,26,10,0.381538461538462,0.888888888888889,0.529382765293121,0.694587608141736,NA,NA,NA
M_PL_061_24,0.232323232323232,0.241379310344828,1.58620689655172,16.5572164166427,18,11,0.65359477124183,1.54545454545455,0.441162526607513,0.574495636896343,0.556393613791042,0.289663445274801,0.823123782307282
M_PL_061_25,0.381818181818182,0.375,1.3125,29.3333098320856,11,5,0.672727272727273,2,0.311791390180588,0.592631385806898,NA,NA,NA
M_PL_061_26,0.307692307692308,0.3,1.4,32.3204855052096,13,7,0.730769230769231,1.19047619047619,0.267857134342194,0.545631100938262,NA,NA,NA
M_PL_061_27,0.269230769230769,0.368421052631579,1.10526315789474,29.2055996049944,13,6,0.512820512820513,0.6,0.418367326259613,0.708425439632743,NA,NA,NA
M_PL_061_28,0.236842105263158,0.407407407407407,1.33333333333333,20.6919569780565,19,8,0.666666666666667,1.39285714285714,0.422453731298447,0.637235392595752,NA,NA,NA
M_PL_061_29,0.270833333333333,0.384615384615385,1.5,25.5066076828467,18,8,0.660130718954248,1.78571428571429,0.320512801408768,0.587388703152733,NA,NA,NA
M_PL_061_30,0.32967032967033,0.3,1.5,23.7872568990273,13,7,0.794871794871795,1.85714285714286,0.355555534362793,0.564683444101635,NA,NA,NA
M_PL_061_31,0.368421052631579,0.583333333333333,1.45833333333333,34.8351427563704,19,5,0.678362573099415,3.1,0.258367359638214,0.625964110565831,NA,NA,NA
M_PL_061_32,0.259259259259259,0.5,1.16666666666667,32.3817321896686,18,6,0.470588235294118,1.26666666666667,0.472576528787613,0.729539714637654,NA,NA,NA
M_PL_061_35,0.162393162393162,0.181818181818182,0.863636363636364,26.0008353325955,13,9,0.256410256410256,0.333333333333333,0.576177299022675,0.79017704461515,NA,NA,NA
M_PL_061_36,0.260504201680672,0.416666666666667,1.29166666666667,31.2006961935465,17,7,0.5,1.33333333333333,0.382414162158966,0.645526605567504,NA,NA,NA
M_PL_061_37,0.205741626794258,0.266666666666667,1.43333333333333,24.5328235621486,19,11,0.485380116959064,1.21818181818182,0.439426720142365,0.593196836394469,NA,NA,NA
M_PL_061_38,0.21304347826087,0.393939393939394,1.48484848484848,31.1857425466131,23,10,0.537549407114625,1.28888888888889,0.345272779464722,0.599846196341439,NA,NA,NA
M_PL_061_39,0.285714285714286,0.533333333333333,1.53333333333333,41.2261225187008,23,7,0.604743083003953,2.33333333333333,0.289697527885437,0.620259705090359,NA,NA,NA
M_PL_061_40,0.247863247863248,0.485714285714286,1.65714285714286,24.3936082261909,26,9,0.633846153846154,2.27777777777778,0.323573142290115,0.595835753698751,NA,NA,NA
M_PL_061_42,0.242424242424242,0.294117647058824,0.941176470588235,31.3210154248017,11,6,0.4,0.533333333333333,0.482421875,0.758552736357656,NA,NA,NA
M_PL_061_43,0.180555555555556,0.28,1.04,26.9172002406552,16,9,0.275,0.611111111111111,0.564349114894867,0.766154793400895,NA,NA,NA
M_PL_061_44,0.209090909090909,0.0476190476190476,1.0952380952381,15.6078977648422,11,10,0.472727272727273,0.933333333333333,0.40642723441124,0.666600966787153,NA,NA,NA
M_PL_061_45,0.197628458498024,0.352941176470588,1.47058823529412,22.2798955770744,23,11,0.462450592885375,1.23636363636364,0.456399977207184,0.622874443430903,NA,NA,NA
M_PL_061_46,0.164835164835165,0.235294117647059,1.32352941176471,25.5942306028255,21,13,0.323809523809524,0.884615384615385,0.451851844787598,0.653953204545253,NA,NA,NA
M_PL_061_47,0.243589743589744,0.485714285714286,1.62857142857143,28.8002205653035,26,9,0.695384615384615,1.94444444444444,0.251615881919861,0.588212640835282,NA,NA,NA
M_PL_061_48,0.253968253968254,0.217391304347826,1.39130434782609,40.403966933708,14,9,0.494505494505495,1.27777777777778,0.3876953125,0.579985829370503,NA,NA,NA
M_PL_063,0.314814814814815,-0.6875,2.65625,17.6717979073791,10,54,5.22222222222222,2.23340321453529,0.0493944808840752,0.235524890066076,0.240961223014301,0.197250928245939,0.284671517782662
M_PL_064,0.285714285714286,-0.272727272727273,1.45454545454545,19.5236715670084,8,14,1.03571428571429,1.01098901098901,0.31591796875,0.410108735058287,0.445659148114355,0.383918962334446,0.507399333894264
M_PL_065,0.419047619047619,-0.615384615384615,1.69230769230769,24.7911281933805,5,21,3.5,1.06666666666667,0.174070239067078,0.187030088688865,0.185098307990665,0.0632823120188529,0.306914303962477
M_PL_066,0.559139784946237,-0.675675675675676,2.81081081081081,17.0829635719295,6,31,9.06666666666667,2.52043010752688,0.0381379388272762,0.127016289107131,0.0511527184633779,-0.65920839490679,0.761513831833545
M_PL_067,0.380645161290323,-0.722222222222222,1.63888888888889,12.4327358031974,5,31,5.1,1.14408602150538,0.236569941043854,0.195098379467599,0.21170976493925,0.196559573748574,0.226859956129925
M_PL_068,0.297491039426523,-0.55,2.075,21.2592465716572,9,31,2.91666666666667,1.20645161290323,0.226012498140335,0.24416024915235,0.269675952491147,0.250123614504051,0.289228290478243
M_PL_069_01,0.264705882352941,-0.478260869565217,1.17391304347826,34.3548065508852,6,17,0.8,0.573529411764706,0.397119343280792,0.377581520199757,0.403566535808406,0.255915874980164,0.551217196636648
M_PL_069_02,0.388888888888889,-0.384615384615385,1.07692307692308,41.4797247720942,4,9,0.833333333333333,0.611111111111111,0.415816307067871,0.348560128195425,0.398366832709562,0.366500924964328,0.430232740454797
M_PL_069_03,0.5,-0.2,1.2,13.3464264631589,4,6,1.66666666666667,1,0.204861104488373,0.313765470250321,NA,NA,NA
M_PL_070,0.640625,0,2.5625,10.9758779957132,8,8,3.67857142857143,3.42857142857143,0.0318262986838818,0.207448305963973,NA,NA,NA
M_PL_071,0.252840909090909,-0.692307692307692,1.71153846153846,16.9364650660027,8,44,2.21428571428571,1.11416490486258,0.278626441955566,0.290070910799099,0.281448802660607,0.249460604676294,0.31343700064492
M_PL_072_01,0.0719479525449675,0.264150943396226,1.77358490566038,5.06740009362485,67,39,0.353233830845771,0.692307692307692,0.3482486307621,0.593087951784496,0.593383351909465,0.54711812443307,0.639648579385859
M_PL_072_02,0.0822510822510823,0.3125,1.78125,5.74225443352681,63,33,0.447516641065028,0.659090909090909,0.43396258354187,0.575957149024151,0.448035782009499,-0.226335561993318,1.12240712601232
M_PL_072_03,0.0802798134576949,0.35042735042735,2.05982905982906,5.52482463580785,79,38,0.506978253813697,0.854907539118065,0.374218791723251,0.546772703575426,0.574904946047508,0.539153614171479,0.610656277923537
M_PL_072_04,0.111304347826087,0.468085106382979,2.04255319148936,8.65425594782947,69,25,0.6768968456948,1.06666666666667,0.338704437017441,0.542490030021195,0.566534894828627,0.539732311706289,0.593337477950964
M_PL_072_05,0.121158911325724,0.595238095238095,1.64285714285714,8.13100924591483,67,17,0.680687471732248,1.11764705882353,0.35635894536972,0.654201084248689,0.682139168542435,0.651045328338704,0.713233008746166
kaehler_et_al_2005,0.227272727272727,0.157894736842105,1.05263157894737,21.2590165949924,11,8,0.563636363636364,0.535714285714286,0.545000016689301,0.681728623879218,NA,NA,NA
Kaiser-Bunbury-2017_Bernica,0.161556603773585,0.536231884057971,1.98550724637681,24.8287353712235,53,16,0.55732946298984,2.35833333333333,0.327614694833755,0.573466975680969,0.518492611616605,-0.696243687237661,1.73322891047087
Kaiser-Bunbury-2017_Casse-Dent,0.139705882352941,0.522388059701492,1.70149253731343,9.74841837502272,51,16,0.6,1.83333333333333,0.397199153900146,0.655005615232746,0.591215962387486,-0.709916435439689,1.89234836021466
Kaiser-Bunbury-2017_Copolia,0.14622641509434,0.452054794520548,2.12328767123288,18.377009031933,53,20,0.518867924528302,2.12631578947368,0.301914662122726,0.551748270733316,0.529318559246684,0.404984869520994,0.653652248972374
Kaiser-Bunbury-2017_Reserve--La,0.176470588235294,0.484848484848485,2.22727272727273,15.21073951992,49,17,0.810374149659864,2.30882352941176,0.142047300934792,0.520614215122384,0.485792399784677,0.430448678769123,0.541136120800232
Kaiser-Bunbury-2017_Rosebelle,0.135933806146572,0.446153846153846,1.76923076923077,9.03688722502908,47,18,0.556891766882516,1.39869281045752,0.370812863111496,0.6137953398321,0.623960079924246,0.568877628930667,0.679042530917825
Kaiser-Bunbury-2017_Salazie,0.189153439153439,0.68,1.90666666666667,18.3194131742845,63,12,0.582693292370712,3.54545454545455,0.370238155126572,0.619592346726778,0.634816489425364,0.606534086963494,0.663098891887234
Kaiser-Bunbury-2017_Tea-Plantation,0.209908735332464,0.638888888888889,2.23611111111111,23.5246146063588,59,13,0.693161893629456,3.78205128205128,0.298522412776947,0.523527891359405,NA,NA,NA
Kaiser-Bunbury-2017_Trois-Freres,0.142463235294118,0.619047619047619,1.8452380952381,16.8919231560188,68,16,0.418349429323968,2.475,0.407492190599442,0.65866040003806,NA,NA,NA
santos-et-al-2010,0.151909722222222,-0.333333333333333,2.43055555555556,6.88399496798374,24,48,1.82608695652174,1.06826241134752,0.121289797127247,0.341261678256064,0.35061919096362,0.316492415919396,0.384745966007844
varassin_sazima_2012,0.189723320158103,0.0222222222222222,2.13333333333333,27.3928056160787,23,22,0.861660079051383,1.47186147186147,0.218532994389534,0.451563158456646,0.437744305054567,0.400239326883784,0.47524928322535
Robertson-1928,0.045234102412895,0.515923566878981,15.6342887473461,2.10128640259413,1428,456,2.43364760059595,8.00632350106034,0.00104700541123748,0.213050505478194,0.243337552882288,0.23888384429949,0.247791261465086
